{
    "mae": 15554564.506161705,
    "mse": 1022624627131778.2,
    "r2": 0.11775710142935047
}